City,Country,Temperature,Humidity,Cloudiness,Windspeed,Latitude,Longitude,Date
hilo,US,76.28,95,22,3.0,19.7297,-155.09,1659009810
daru,PG,75.76,90,86,19.15,-9.0763,143.2092,1659009810
axim,GH,80.56,67,70,13.22,4.8699,-2.2405,1659009810
itaituba,BR,82.0,59,49,2.3,-4.2761,-55.9836,1659009607
pappadatai,GR,97.65,27,19,6.82,39.3133,20.7925,1659009811
rosario do sul,BR,66.81,83,95,9.37,-30.2583,-54.9142,1659009811
marzuq,YE,93.36,28,59,10.36,14.4,46.4667,1659009811
albany,US,73.94,80,23,2.46,42.6001,-73.9662,1659009811
rocha,UY,52.77,96,100,12.82,-34.4833,-54.3333,1659009812
aklavik,CA,44.31,83,91,8.39,68.2191,-135.0107,1659009812
pevek,RU,39.33,80,29,6.78,69.7008,170.3133,1659009812
mataura,NZ,47.48,97,100,4.34,-46.1927,168.8643,1659009812
awjilah,LY,100.26,16,0,7.61,29.1081,21.2869,1659009812
half moon bay,US,61.05,91,100,8.05,37.4636,-122.4286,1659009766
vaini,TO,75.29,84,39,17.47,-21.2,-175.2,1659009812
thompson,CA,49.6,88,18,4.59,55.7435,-97.8558,1659009813
port alfred,ZA,68.18,80,14,7.0,-33.5906,26.891,1659009813
juli,PE,39.83,38,67,1.99,-16.2167,-69.45,1659009813
buala,SB,79.5,84,29,8.66,-8.145,159.5921,1659009813
saint george,US,74.62,76,0,0.0,37.1041,-113.5841,1659009814
hithadhoo,MV,81.9,76,100,15.3,-0.6,73.0833,1659009574
ushuaia,AR,34.34,94,81,7.9,-54.8,-68.3,1659009698
inuvik,CA,47.16,100,75,13.8,68.3499,-133.7218,1659009814
arraial do cabo,BR,70.41,71,0,17.47,-22.9661,-42.0278,1659009814
iqaluit,CA,47.7,76,100,1.99,63.7506,-68.5145,1659009814
liwale,TZ,81.25,34,47,5.35,-9.7667,37.9333,1659009815
salinas,US,58.41,93,100,8.05,36.6777,-121.6555,1659009704
leningradskiy,RU,34.54,88,100,3.65,69.3833,178.4167,1659009815
hokitika,NZ,49.62,86,90,2.75,-42.7167,170.9667,1659009815
sao filipe,CV,79.07,83,70,6.64,14.8961,-24.4956,1659009815
hambantota,LK,80.94,89,75,3.44,6.1241,81.1185,1659009816
hibbing,US,56.55,100,75,6.91,47.4272,-92.9377,1659009816
dunedin,NZ,44.8,81,100,8.99,-45.8742,170.5036,1659009817
honiara,SB,77.04,89,48,7.38,-9.4333,159.95,1659009817
noshiro,JP,72.48,88,10,3.31,40.2039,140.0242,1659009817
lubango,AO,75.51,19,58,2.82,-14.9172,13.4925,1659009818
busselton,AU,62.69,80,5,14.99,-33.65,115.3333,1659009818
chokurdakh,RU,52.32,49,64,9.86,70.6333,147.9167,1659009819
nerchinskiy zavod,RU,63.1,83,16,3.94,51.3088,119.61,1659009820
new norfolk,AU,44.1,85,59,1.01,-42.7826,147.0587,1659009820
tieling,CN,73.0,96,100,1.54,42.2931,123.8414,1659009820
qaanaaq,GL,37.54,74,18,2.89,77.484,-69.3632,1659009820
mitu,CO,70.27,99,100,2.24,1.1983,-70.1733,1659009821
khatanga,RU,69.33,48,82,9.95,71.9667,102.5,1659009590
tiksi,RU,56.26,92,100,10.22,71.6872,128.8694,1659009821
samarai,PG,78.84,84,88,15.84,-10.6167,150.6667,1659009821
rikitea,PF,73.65,66,20,20.27,-23.1203,-134.9692,1659009822
hobart,AU,44.46,78,75,11.5,-42.8794,147.3294,1659009798
shediac,CA,67.35,68,38,2.68,46.2198,-64.5411,1659009822
bathsheba,BB,83.05,83,70,16.73,13.2167,-59.5167,1659009822
atuona,PF,76.91,73,11,24.63,-9.8,-139.0333,1659009822
imbituba,BR,65.86,89,97,3.98,-28.24,-48.6703,1659009822
victoria,HK,89.94,75,2,13.0,22.2855,114.1577,1659009823
cherskiy,RU,46.31,64,43,7.2,68.75,161.3,1659009823
taihe,CN,84.15,69,36,3.06,30.8712,105.3845,1659009823
bredasdorp,ZA,73.45,39,0,8.52,-34.5322,20.0403,1659009823
bluff,NZ,47.8,79,100,8.63,-46.6,168.3333,1659009823
nizhniy kuranakh,RU,71.04,84,47,2.64,58.8353,125.4869,1659009823
upernavik,GL,40.89,85,100,1.39,72.7868,-56.1549,1659009824
east london,ZA,72.68,63,21,20.87,-33.0153,27.9116,1659009824
balkanabat,TM,100.4,24,8,7.0,39.5108,54.3671,1659009824
kaitangata,NZ,44.08,92,100,8.43,-46.2817,169.8464,1659009824
tuktoyaktuk,CA,40.32,90,100,11.86,69.4541,-133.0374,1659009701
sakaiminato,JP,80.4,88,83,6.55,35.55,133.2333,1659009824
carnarvon,AU,72.36,48,100,7.11,-24.8667,113.6333,1659009824
saskylakh,RU,72.68,49,100,5.5,71.9167,114.0833,1659009825
hofn,IS,51.82,87,75,4.61,64.2539,-15.2082,1659009825
isangel,VU,74.3,90,100,7.58,-19.55,169.2667,1659009825
provideniya,RU,46.6,95,100,2.62,64.3833,-173.3,1659009825
gualaquiza,EC,56.64,96,70,1.77,-3.4,-78.55,1659009825
luderitz,NA,59.05,72,3,8.39,-26.6481,15.1594,1659009669
punta arenas,CL,41.11,75,100,19.46,-53.15,-70.9167,1659009825
port blair,IN,83.21,74,77,6.44,11.6667,92.75,1659009825
lorengau,PG,82.08,77,34,10.71,-2.0226,147.2712,1659009826
jalu,LY,100.27,16,0,7.74,29.0331,21.5482,1659009826
tabou,CI,79.79,62,71,10.04,4.423,-7.3528,1659009826
lebu,CL,46.74,87,4,7.58,-37.6167,-73.65,1659009826
ribeira brava,PT,80.71,70,0,1.12,32.65,-17.0667,1659009826
marawi,PH,70.95,91,100,4.18,7.9986,124.2928,1659009826
kazachinskoye,RU,70.74,71,100,3.94,57.6953,93.2761,1659009826
port lincoln,AU,53.89,83,88,12.21,-34.7333,135.8667,1659009826
thunder bay,CA,56.44,88,98,13.04,48.4001,-89.3168,1659009827
avarua,CK,73.45,94,75,18.41,-21.2078,-159.775,1659009827
campbellton,CA,66.96,73,84,0.98,48.0075,-66.6727,1659009827
gobabis,NA,78.55,17,37,17.67,-22.45,18.9667,1659009828
jamestown,US,73.02,74,100,9.22,42.097,-79.2353,1659009828
hermanus,ZA,69.8,55,0,7.87,-34.4187,19.2345,1659009756
socorro,US,76.37,62,75,6.91,31.6546,-106.3033,1659009829
waingapu,ID,75.18,79,90,13.44,-9.6567,120.2641,1659009829
huarmey,PE,60.8,89,26,8.46,-10.0681,-78.1522,1659009829
ribeira grande,PT,75.6,69,20,4.61,38.5167,-28.7,1659009829
chuy,UY,62.42,98,100,6.02,-33.6971,-53.4616,1659009830
choya,RU,78.39,55,7,4.09,52.0108,86.5467,1659009830
la rioja,ES,71.38,38,13,8.14,42.25,-2.5,1659009830
sihora,IN,85.33,79,100,7.02,23.4833,80.1167,1659009830
souillac,MU,72.84,73,27,12.24,-20.5167,57.5167,1659009830
tambo,PE,37.11,47,34,5.1,-14.8,-73.9167,1659009830
kavieng,PG,83.3,78,80,19.28,-2.5744,150.7967,1659009830
hita,JP,85.08,92,34,4.54,33.3167,130.9333,1659009831
lithakia,GR,94.28,46,20,5.75,37.7167,20.8333,1659009831
puerto ayora,EC,69.62,90,91,9.78,-0.7393,-90.3518,1659009831
kahului,US,75.85,83,3,5.99,20.8947,-156.47,1659009831
korla,CN,101.55,10,13,7.47,41.7597,86.1469,1659009831
dikson,RU,43.23,95,76,14.23,73.5069,80.5464,1659009817
kodiak,US,50.92,67,60,6.15,57.79,-152.4072,1659009783
ankang,CN,81.75,61,0,1.03,32.68,109.0172,1659009832
chau doc,VN,81.61,82,58,6.73,10.7,105.1167,1659009832
vysha,RU,82.62,47,64,5.19,53.8477,42.3777,1659009832
tura,IN,77.49,92,99,2.44,25.5198,90.2201,1659009832
katwa,IN,92.19,52,100,4.12,23.6399,88.128,1659009833
turayf,SA,100.33,7,0,4.29,31.6725,38.6637,1659009621
mildura,AU,50.07,86,90,8.25,-34.2,142.15,1659009833
algiers,DZ,87.62,51,0,10.36,36.7525,3.042,1659009764
namatanai,PG,79.99,79,100,11.95,-3.6667,152.4333,1659009833
lavrentiya,RU,42.01,89,100,4.16,65.5833,-171.0,1659009617
acari,PE,60.94,83,76,4.94,-15.4311,-74.6158,1659009833
yellowknife,CA,60.57,77,100,8.99,62.456,-114.3525,1659009833
san felipe,VE,74.17,92,94,2.62,10.3399,-68.7425,1659009833
barrow,US,33.01,98,100,13.76,71.2906,-156.7887,1659009834
orsta,NO,65.62,55,76,6.91,62.2029,6.1272,1659009834
dingle,PH,79.18,86,100,5.84,10.9995,122.6711,1659009834
pisco,PE,58.82,88,38,2.84,-13.7,-76.2167,1659009834
fortuna,US,56.93,93,100,0.0,40.5982,-124.1573,1659009834
biloli,IN,86.61,68,88,5.01,18.7667,77.7333,1659009835
cape town,ZA,73.35,41,0,7.0,-33.9258,18.4232,1659009605
valparaiso,CL,50.47,78,0,4.61,-33.0393,-71.6273,1659009655
conde,BR,76.93,78,9,13.35,-7.2597,-34.9075,1659009811
tanout,NE,83.8,47,100,16.96,14.9709,8.8879,1659009835
moundou,TD,81.12,71,95,0.76,8.5667,16.0833,1659009835
mirabad,AF,106.09,16,100,9.04,30.4362,61.8383,1659009835
maragogi,BR,76.17,82,64,8.12,-9.0122,-35.2225,1659009836
moerai,PF,72.64,72,96,23.09,-22.4333,-151.3333,1659009836
menzelinsk,RU,75.27,46,17,7.63,55.7271,53.1026,1659009837
petropavlovsk-kamchatskiy,RU,57.79,100,75,6.71,53.0452,158.6483,1659009574
kruisfontein,ZA,73.89,44,0,9.37,-34.0033,24.7314,1659009837
camacha,PT,72.82,69,75,13.8,33.0833,-16.3333,1659009837
huntly,GB,63.95,69,100,12.5,57.4474,-2.7861,1659009837
college,US,46.22,85,61,2.68,64.8569,-147.8028,1659009838
evensk,RU,54.52,69,81,3.67,61.95,159.2333,1659009838
auki,SB,77.05,88,14,5.21,-8.7676,160.7034,1659009838
meulaboh,ID,78.62,82,100,4.16,4.1363,96.1285,1659009697
longyan,CN,74.8,90,90,3.02,25.1072,117.0225,1659009838
torbay,CA,67.26,87,40,8.05,47.6666,-52.7314,1659009838
abohar,IN,85.62,75,91,7.78,30.15,74.1833,1659009839
cap malheureux,MU,74.46,66,2,7.0,-19.9842,57.6142,1659009839
port hardy,CA,55.58,94,20,3.44,50.6996,-127.4199,1659009839
najibabad,IN,90.79,56,97,3.22,29.6333,78.3333,1659009839
shingu,JP,78.1,92,59,4.45,33.7333,135.9833,1659009839
srednekolymsk,RU,48.6,61,6,14.43,67.45,153.6833,1659009840
castro,BR,63.9,66,67,5.1,-24.7911,-50.0119,1659009840
sitka,US,57.09,88,100,9.22,57.0531,-135.33,1659009840
lubao,PH,80.98,86,100,4.59,14.9167,120.55,1659009840
nikolskoye,RU,71.87,42,74,5.61,59.7035,30.7861,1659009841
singkang,MY,78.03,87,100,3.44,2.1006,102.7994,1659009841
bengkulu,ID,79.95,79,74,1.5,-3.8004,102.2655,1659009841
huaral,PE,59.9,83,83,1.83,-11.495,-77.2078,1659009841
pitimbu,BR,77.85,77,29,13.67,-7.4706,-34.8086,1659009841
iranshahr,IR,95.0,37,95,4.74,27.2025,60.6848,1659009673
mar del plata,AR,49.87,94,100,15.99,-38.0023,-57.5575,1659009698
port hedland,AU,66.25,72,0,4.61,-20.3167,118.5667,1659009842
walvis bay,NA,57.09,61,0,11.56,-22.9575,14.5053,1659009729
nova vodolaha,UA,84.2,44,13,8.57,49.7185,35.8708,1659009842
bowmore,US,82.89,84,0,11.5,34.9421,-79.3031,1659009842
bull savanna,JM,75.56,80,4,4.83,17.8868,-77.5902,1659009842
sioux lookout,CA,51.67,94,100,7.38,50.1001,-91.917,1659009842
kenai,US,54.14,80,57,4.54,60.5544,-151.2583,1659009843
maarianhamina,AX,62.46,48,40,13.8,60.0973,19.9348,1659009843
akhisar,TR,105.62,12,0,10.51,38.9185,27.8401,1659009763
kapaa,US,73.38,94,79,8.72,22.0752,-159.319,1659009787
yerbogachen,RU,71.06,92,73,3.78,61.2767,108.0108,1659009843
aleksandrovka,UA,93.83,23,33,8.03,46.8383,32.7612,1659009843
georgetown,MY,86.9,76,20,6.91,5.4112,100.3354,1659009843
akonolinga,CM,76.62,80,93,5.21,3.7667,12.25,1659009844
grand-santi,GF,76.66,90,86,1.16,4.25,-54.3833,1659009844
batsfjord,NO,49.78,87,75,29.93,70.6345,29.7185,1659009845
biak,ID,75.42,87,95,6.2,-0.9131,122.8766,1659009845
coihueco,CL,39.52,74,0,3.83,-36.6167,-71.8333,1659009845
lingao,CN,83.93,74,33,4.52,19.9103,109.6859,1659009845
nanortalik,GL,44.31,81,74,6.08,60.1432,-45.2371,1659009845
ilo,PE,59.23,81,42,7.07,-17.6394,-71.3375,1659009845
nokaneng,BW,82.58,16,0,8.48,-19.6667,22.2667,1659009846
rio gallegos,AR,36.3,72,100,18.16,-51.6226,-69.2181,1659009648
smithers,CA,60.21,84,0,2.57,54.7804,-127.1743,1659009846
uni,RU,73.92,51,6,4.76,57.7535,51.4923,1659009846
hovd,MN,72.32,32,49,2.82,48.0056,91.6419,1659009846
mizan teferi,ET,75.33,53,98,2.33,6.9833,35.5833,1659009846
eureka,US,58.68,91,51,2.77,40.8021,-124.1637,1659009694
constitucion,CL,46.54,83,0,7.52,-35.3333,-72.4167,1659009820
sept-iles,CA,66.06,76,60,4.0,50.2001,-66.3821,1659009847
bahia blanca,AR,40.5,89,1,6.6,-38.7196,-62.2724,1659009831
solnechnyy,RU,68.25,95,100,3.65,50.7214,136.6319,1659009847
guanay,BO,67.84,74,37,1.45,-15.4975,-67.8797,1659009847
quesnel,CA,62.96,66,0,1.97,52.9999,-122.5029,1659009847
airai,TL,55.58,91,74,4.34,-8.9266,125.4092,1659009847
mandali,IQ,112.68,5,0,19.46,33.7499,45.5541,1659009847
tasiilaq,GL,41.16,92,100,6.8,65.6145,-37.6368,1659009848
butaritari,KI,81.95,77,100,15.32,3.0707,172.7902,1659009848
longyearbyen,SJ,42.64,81,75,21.85,78.2186,15.6401,1659009848
morant bay,JM,80.22,80,38,4.74,17.8815,-76.4093,1659009848
jamame,SO,82.47,54,39,15.68,0.0722,42.7506,1659009848
khani,GE,76.57,45,0,5.7,41.9563,42.9566,1659009848
nizhnevartovsk,RU,69.82,56,0,7.0,60.9344,76.5531,1659009619
flin flon,CA,51.58,75,6,5.35,54.7682,-101.865,1659009849
wajima,JP,77.68,89,2,9.33,37.4,136.9,1659009849
severo-kurilsk,RU,51.75,93,24,5.84,50.6789,156.125,1659009849
inta,RU,78.33,33,83,11.61,66.0317,60.1659,1659009849
shimoda,JP,79.11,90,63,3.18,34.6667,138.95,1659009849
lagoa,PT,71.71,82,2,7.18,39.05,-27.9833,1659009597
komsomolskiy,UZ,97.52,20,7,11.5,40.4272,71.7189,1659009850
narsaq,GL,52.02,52,5,2.57,60.9167,-46.05,1659009850
geraldton,AU,59.41,88,35,5.75,-28.7667,114.6,1659009850
santa maria,BR,66.79,81,99,3.74,-29.6842,-53.8069,1659009850
baghmara,IN,92.12,50,100,2.55,23.795,86.2085,1659009850
narok,KE,68.29,57,92,7.99,-1.0783,35.8601,1659009851
george,ZA,67.39,53,0,3.33,-33.963,22.4617,1659009851
qandala,SO,94.37,43,29,5.5,11.472,49.8728,1659009851
novyy urengoy,RU,70.88,47,56,11.77,66.0833,76.6333,1659009764
chapais,CA,64.18,90,93,5.08,49.7834,-74.8492,1659009851
taman,RU,80.74,55,0,9.31,45.2117,36.7161,1659009851
vardo,NO,49.98,87,75,25.32,70.3705,31.1107,1659009851
namibe,AO,70.43,60,84,11.41,-15.1961,12.1522,1659009852
san pedro de macoris,DO,75.33,83,11,8.77,18.4616,-69.2972,1659009852
sobolevo,RU,67.73,60,89,10.16,54.4299,31.8996,1659009852
verkhniy lomov,RU,82.26,48,37,6.76,53.4678,43.5511,1659009852
palmer,US,73.47,89,46,3.51,42.1584,-72.3287,1659009852
mucuri,BR,72.1,76,49,4.36,-18.0864,-39.5508,1659009853
carballo,ES,71.02,58,97,5.37,43.213,-8.691,1659009853
kropotkin,RU,91.63,25,0,1.41,45.4375,40.5756,1659009853
seoul,KR,85.39,63,17,1.14,37.5683,126.9778,1659009631
shahr-e kord,IR,83.97,34,75,4.61,32.3256,50.8644,1659009853
esperance,AU,60.73,49,57,11.99,-33.8667,121.9,1659009853
tomatlan,MX,72.88,95,66,3.22,19.9333,-105.25,1659009853
jutai,BR,75.06,85,22,2.44,-5.1833,-68.9,1659009853
fort nelson,CA,60.3,87,59,1.97,58.8053,-122.7002,1659009853
ponta do sol,PT,80.71,69,0,1.77,32.6667,-17.1,1659009854
heyang,CN,71.38,94,95,1.92,26.1011,107.473,1659009854
waynesville,US,73.11,80,21,1.99,35.4887,-82.9887,1659009854
ambulu,ID,76.21,82,31,6.67,-8.345,113.6058,1659009854
nome,US,44.62,86,53,6.26,64.5011,-165.4064,1659009701
okha,RU,55.02,96,32,11.41,53.5739,142.9478,1659009855
springbok,ZA,64.49,20,0,20.09,-29.6643,17.8865,1659009855
ibra,OM,88.52,48,82,10.63,22.6906,58.5334,1659009855
hamilton,US,74.91,93,0,4.61,39.1834,-84.5333,1659009855
carbondale,US,74.05,97,0,4.61,37.7273,-89.2168,1659009855
houma,US,78.01,93,0,5.75,29.5958,-90.7195,1659009616
qui nhon,VN,82.22,83,88,3.85,13.7667,109.2333,1659009855
kitgum,UG,78.53,63,59,5.7,3.2783,32.8867,1659009855
alofi,NU,76.37,75,49,24.87,-19.0595,-169.9187,1659009856
americus,US,77.13,88,0,0.0,32.0724,-84.2327,1659009856
nouadhibou,MR,78.53,57,30,18.25,20.931,-17.0347,1659009856
nyurba,RU,75.06,71,27,5.7,63.2842,118.3319,1659009856
nabire,ID,77.0,89,67,2.08,-3.3667,135.4833,1659009857
puerto quijarro,BO,76.12,37,1,1.59,-17.7833,-57.7667,1659009857
puerto escondido,MX,76.19,85,80,4.21,15.85,-97.0667,1659009857
codrington,AU,46.02,79,60,5.79,-38.2667,141.9667,1659009857
poronaysk,RU,55.4,97,21,5.82,49.2167,143.1167,1659009616
teahupoo,PF,67.96,76,35,25.9,-17.8333,-149.2667,1659009858
bethal,ZA,69.55,25,0,5.82,-26.4579,29.4655,1659009858
itarantim,BR,71.28,68,26,2.8,-15.6597,-40.0656,1659009858
tala,EG,104.23,10,0,6.31,30.6803,30.9429,1659009858
tulle,FR,75.99,32,88,4.59,45.3333,1.8333,1659009858
hajipur,IN,93.18,66,40,0.0,25.6833,85.2167,1659009859
port elizabeth,ZA,76.1,76,2,11.01,-33.918,25.5701,1659009820
benguela,AO,74.93,72,93,8.46,-12.5763,13.4055,1659009859
tuatapere,NZ,43.75,92,100,5.88,-46.1333,167.6833,1659009859
havelock,US,84.18,86,78,5.99,34.8791,-76.9013,1659009859
kourou,GF,77.05,83,80,3.83,5.1552,-52.6478,1659009859
hualmay,PE,60.08,87,54,7.4,-11.0964,-77.6139,1659009860
zelenets,RU,79.05,32,8,6.26,61.8849,50.7489,1659009860
flinders,AU,55.18,82,67,4.0,-34.5833,150.8552,1659009860
carupano,VE,78.73,84,35,4.47,10.6678,-63.2585,1659009860
egvekinot,RU,40.86,84,100,4.83,66.3167,-179.1667,1659009860
rockport,US,85.05,85,40,4.61,28.0206,-97.0544,1659009861
masuguru,TZ,88.92,27,20,5.14,-11.3667,38.4167,1659009861
asau,RO,78.28,52,94,5.01,46.4333,26.4,1659009861
priiskovyy,RU,61.02,77,73,3.22,51.9333,116.6333,1659009861
salalah,OM,76.21,93,100,9.8,17.0151,54.0924,1659009666
mahebourg,MU,74.25,74,21,11.52,-20.4081,57.7,1659009861
atambua,ID,69.62,82,59,8.03,-9.1061,124.8925,1659009861
baculin,PH,80.22,86,99,10.33,7.4525,126.5842,1659009862
minab,IR,90.97,65,81,14.34,27.1467,57.0801,1659009814
lososina,RU,60.33,96,68,3.15,48.9975,140.3106,1659009862
san juan del sur,NI,76.28,87,94,10.51,11.2529,-85.8705,1659009862
cayenne,GF,77.04,94,20,2.3,4.9333,-52.3333,1659009862
masyaf,SY,99.19,17,0,14.07,35.0653,36.3406,1659009862
gijon,ES,77.45,69,61,4.0,43.5357,-5.6615,1659009837
grandview,US,73.98,96,100,6.91,38.8858,-94.533,1659009862
olafsvik,IS,49.86,80,100,15.59,64.8945,-23.7142,1659009862
gore,NZ,41.56,97,100,4.7,-46.1028,168.9436,1659009652
husavik,IS,57.15,54,29,17.38,66.0449,-17.3389,1659009863
katsuura,JP,79.75,91,93,10.45,35.1333,140.3,1659009863
ponta delgada,PT,78.49,64,20,13.8,37.7333,-25.6667,1659009863
hami,CN,100.04,7,1,21.7,42.8,93.45,1659009810
wanning,CN,82.83,78,72,5.75,18.8003,110.3967,1659009863
los llanos de aridane,ES,73.15,84,20,20.71,28.6585,-17.9182,1659009864
norman wells,CA,52.61,87,100,0.98,65.282,-126.8329,1659009864
muros,ES,76.15,75,81,7.7,42.7762,-9.0603,1659009662
saint-pierre,RE,76.68,66,75,10.36,-21.3393,55.4781,1659009864
vanavara,RU,69.15,76,100,6.73,60.34,102.2797,1659009609
ulaangom,MN,70.77,40,84,3.04,49.9811,92.0667,1659009864
ashford,GB,71.74,56,100,5.01,51.1459,0.8728,1659009806
nagutskoye,RU,82.62,33,0,5.95,44.4415,42.8762,1659009864
normandin,CA,66.72,74,65,4.94,48.8333,-72.5321,1659009865
basoko,CD,82.6,67,85,5.57,1.2391,23.616,1659009865
aykhal,RU,81.66,57,56,5.48,66.0,111.5,1659009865
athabasca,CA,60.69,92,0,4.79,54.7169,-113.2854,1659009865
kiama,AU,55.99,86,62,8.95,-34.6833,150.8667,1659009865
bethel,US,75.29,88,75,1.01,41.3712,-73.414,1659009866
yulara,AU,55.58,20,71,9.46,-25.2406,130.9889,1659009866
cidreira,BR,64.81,82,99,4.85,-30.1811,-50.2056,1659009866
cortez,US,60.93,85,0,4.61,37.3489,-108.5859,1659009866
roma,US,73.87,85,75,3.44,43.2128,-75.4557,1659009866
fairbanks,US,46.24,85,37,1.01,64.8378,-147.7164,1659009840
meiganga,CM,72.66,89,97,5.35,6.5167,14.3,1659009867
verkhnyaya inta,RU,77.95,33,83,10.65,65.9811,60.3094,1659009867
qiongshan,CN,84.92,70,14,3.2,20.0058,110.3542,1659009867
cabo san lucas,MX,81.52,80,20,2.3,22.8909,-109.9124,1659009867
gisborne,NZ,54.39,72,31,12.73,-38.6533,178.0042,1659009868
barcelos,PT,80.92,52,23,11.23,41.5388,-8.6151,1659009868
cordoba,AR,51.76,52,0,12.66,-31.4135,-64.1811,1659009580
bytow,PL,64.2,56,78,7.72,54.1706,17.4919,1659009868
orodara,BF,82.58,59,79,9.35,10.9492,-4.9342,1659009868
quatre cocos,MU,74.08,74,22,11.34,-20.2078,57.7625,1659009868
mao,ES,86.56,58,20,11.5,39.8885,4.2658,1659009776
adwa,ET,70.05,68,92,5.7,14.1646,38.8955,1659009869
omsukchan,RU,50.72,55,100,2.84,62.5333,155.8,1659009869
ilhabela,BR,73.63,58,29,3.15,-23.7781,-45.3581,1659009869
mezhdurechensk,RU,77.25,59,18,3.22,53.6942,88.0603,1659009869
barahona,DO,78.62,89,20,0.0,18.2085,-71.1008,1659009870
bambous virieux,MU,74.21,74,22,11.27,-20.3428,57.7575,1659009870
anaconda,US,50.99,73,1,1.79,46.1285,-112.9423,1659009870
primo tapia,MX,65.84,76,57,5.23,32.22,-116.9172,1659009870
matagami,CA,60.91,94,100,5.75,49.7502,-77.6328,1659009870
hobyo,SO,82.09,62,78,27.56,5.3505,48.5268,1659009870
port-cartier,CA,65.75,77,38,7.43,50.0334,-66.8654,1659009870
tautira,PF,77.67,76,27,25.52,-17.7333,-149.15,1659009870
anito,PH,81.72,83,100,7.99,12.4497,125.2886,1659009871
ballina,AU,51.01,97,47,0.69,-28.8667,153.5667,1659009871
andros town,BS,82.4,72,1,15.46,24.7,-77.7667,1659009871
metro,ID,78.06,84,100,4.59,-5.1131,105.3067,1659009871
ukholovo,RU,83.61,43,6,8.01,53.7929,40.4892,1659009871
phetchabun,TH,82.24,81,60,2.19,16.25,101.0833,1659009871
worland,US,66.6,63,0,0.0,44.0169,-107.9554,1659009787
labuhan,ID,81.23,75,63,10.94,-6.8844,112.2051,1659009872
sokoni,TZ,76.39,77,57,17.36,-6.4333,39.55,1659009872
coolum beach,AU,51.12,93,2,2.71,-26.5333,153.1,1659009872
chipata,ZM,77.83,25,35,5.53,-13.6333,32.65,1659009872
faanui,PF,78.94,74,15,24.56,-16.4833,-151.75,1659009872
namtsy,RU,76.08,57,27,2.46,62.7161,129.6658,1659009795
buchanan,LR,76.71,77,100,9.95,5.8808,-10.0467,1659009873
arlit,NE,100.94,24,44,11.43,18.7369,7.3853,1659009873
praia,CV,82.53,73,76,9.71,14.9215,-23.5087,1659009631
lovozero,RU,52.66,88,95,14.29,68.005,35.0117,1659009726
turiacu,BR,82.0,73,56,4.16,-1.6633,-45.3717,1659009873
klaksvik,FO,54.52,82,89,18.12,62.2266,-6.589,1659009874
tombouctou,ML,105.84,11,42,13.91,20.0,-3.0,1659009874
ostrovnoy,RU,68.67,56,26,15.7,68.0531,39.5131,1659009874
belaya gora,RU,52.68,50,98,12.41,68.5333,146.4167,1659009874
takoradi,GH,79.84,69,73,14.67,4.8845,-1.7554,1659009874
barranca,PE,60.4,84,95,7.4,-10.75,-77.7667,1659009874
ilulissat,GL,48.22,71,0,4.61,69.2167,-51.1,1659009875
bucerias,MX,79.99,100,75,3.44,20.75,-105.3333,1659009875
saint-joseph,RE,75.58,77,35,9.08,-21.3667,55.6167,1659009875
sur,OM,89.67,55,88,21.59,22.5667,59.5289,1659009875
chegdomyn,RU,71.08,83,92,4.74,51.1167,133.0167,1659009875
the pas,CA,50.7,78,7,6.8,53.8251,-101.2541,1659009875
ahuimanu,US,76.75,77,40,8.05,21.4447,-157.8378,1659009876
kosino,RU,75.74,47,7,5.08,58.4127,51.2782,1659009876
matay,EG,102.43,11,1,11.7,28.419,30.7792,1659009876
morehead,US,74.95,97,0,0.0,37.2711,-87.1764,1659009876
tonder,DK,67.21,61,100,1.01,54.9331,8.8667,1659009692
clyde river,CA,37.63,100,100,14.97,70.4692,-68.5914,1659009876
lazaro cardenas,MX,75.49,90,100,2.59,17.9583,-102.2,1659009877
ossora,RU,51.01,79,98,3.13,59.2353,163.0719,1659009877
alta,NO,52.86,71,75,11.5,69.9689,23.2717,1659009877
erenhot,CN,84.92,21,50,17.67,43.6475,111.9767,1659009877
morondava,MG,75.94,59,0,10.67,-20.2833,44.2833,1659009877
salekhard,RU,78.62,35,55,6.42,66.53,66.6019,1659009877
lata,PT,82.49,42,2,10.0,40.1629,-8.3327,1659009878
cururupu,BR,80.33,86,42,3.69,-1.8283,-44.8683,1659009878
usinsk,RU,78.35,33,91,14.14,65.9939,57.5281,1659009660
broome,US,74.62,89,4,1.01,42.2506,-75.833,1659009878
kherson,UA,92.93,24,16,10.63,46.6558,32.6178,1659009586
margate,GB,71.31,68,100,5.01,51.3813,1.3862,1659009878
santa vitoria do palmar,BR,60.94,98,100,3.89,-33.5189,-53.3681,1659009878
tucuman,AR,53.6,100,100,9.22,-26.8241,-65.2226,1659009879
akureyri,IS,56.77,56,91,18.43,65.6835,-18.0878,1659009795
kismayo,SO,79.66,63,73,17.07,-0.3582,42.5454,1659009879
bulaevo,KZ,69.96,69,100,11.48,54.9056,70.4439,1659009879
mirnyy,RU,77.38,53,0,8.16,62.5353,113.9611,1659009612
wajid,SO,89.96,30,80,21.18,3.8093,43.2471,1659009880
laranjeiras,BR,76.62,81,50,6.55,-10.8064,-37.17,1659009880
fareham,GB,76.17,56,0,11.5,50.8516,-1.1793,1659009880
vestmanna,FO,52.72,100,100,13.8,62.1564,-7.1664,1659009805
albanel,CA,66.47,75,85,5.59,48.8832,-72.4487,1659009880
caraballeda,VE,83.86,79,20,6.91,10.6112,-66.8522,1659009880
zhezkazgan,KZ,89.58,23,75,17.9,47.8043,67.7144,1659009881
moissala,TD,81.18,76,80,2.77,8.3404,17.7663,1659009881
xianshuigu,CN,75.2,83,40,6.71,38.985,117.3828,1659009881
teya,RU,74.82,56,63,2.68,60.3778,92.6267,1659009881
chara,RU,69.89,58,99,5.57,56.9064,118.2631,1659009881
mahibadhoo,MV,82.29,75,95,16.6,3.7833,72.9667,1659009881
serabu,SL,76.53,89,97,5.66,7.7958,-12.0536,1659009882
montepuez,MZ,82.22,28,33,6.51,-13.1256,38.9997,1659009882
saldanha,ZA,66.43,50,0,12.41,-33.0117,17.9442,1659009607
okhotsk,RU,57.49,88,15,6.06,59.3833,143.3,1659009699
paragominas,BR,81.41,58,2,3.4,-2.9667,-47.4833,1659009835
goderich,CA,69.91,85,0,9.19,43.7501,-81.7165,1659009882
gashua,NG,87.94,45,100,9.91,12.871,11.0482,1659009882
suhbaatar,MN,62.4,68,89,4.7,50.2314,106.2078,1659009883
rassvet,RU,90.01,41,27,2.68,46.8333,40.75,1659009883
gorontalo,ID,75.63,93,92,2.59,0.5412,123.0595,1659009883
ormara,PK,83.14,78,73,17.18,25.2088,64.6357,1659009883
beringovskiy,RU,47.07,91,98,9.01,63.05,179.3167,1659009883
kihei,US,75.85,83,0,12.66,20.785,-156.4656,1659009883
bundu,IN,89.82,63,100,2.26,23.1833,85.5833,1659009883
sale,MA,77.68,61,1,8.05,34.0389,-6.8166,1659009659
krasnyy chikoy,RU,55.83,93,100,2.82,50.3643,108.7512,1659009592
saint anthony,US,60.93,82,0,12.66,45.0205,-93.218,1659009884
touros,BR,78.98,69,28,15.57,-5.1989,-35.4608,1659009884
rudbar,AF,103.64,27,99,9.89,30.15,62.6,1659009884
batagay,RU,74.57,56,34,3.69,67.6333,134.6333,1659009884
venado tuerto,AR,49.77,85,70,9.33,-33.7456,-61.9688,1659009885
matamoros,MX,69.96,67,96,3.27,25.5333,-103.25,1659009885
pacific grove,US,55.89,96,100,11.01,36.6177,-121.9166,1659009885
chernyshevskiy,RU,77.67,55,2,7.2,63.0128,112.4714,1659009885
the valley,AI,83.1,68,0,20.51,18.217,-63.0578,1659009692
alice springs,AU,45.95,31,3,0.0,-23.7,133.8833,1659009736
saint-georges,GD,80.78,77,76,16.75,12.0564,-61.7485,1659009681
aiquile,BO,59.79,52,33,3.09,-18.2041,-65.1807,1659009886
anuchino,RU,71.55,96,97,4.07,43.9622,133.0544,1659009886
gloucester,GB,72.9,59,20,6.91,51.8657,-2.2431,1659009600
timra,SE,69.67,45,75,12.66,62.487,17.3257,1659009886
jishou,CN,76.41,94,86,1.45,28.3167,109.7167,1659009677
jizan,SA,95.05,49,65,6.35,17.3333,42.6667,1659009886
ishigaki,JP,85.66,76,6,13.56,24.3448,124.1572,1659009886
catuday,PH,82.76,74,100,5.79,16.2923,119.8062,1659009886
manggar,ID,81.5,80,84,10.36,-2.8833,108.2667,1659009887
altay,CN,86.02,22,56,9.91,47.8667,88.1167,1659009887
saint-philippe,RE,76.59,77,44,11.21,-21.3585,55.7679,1659009887
xichang,CN,72.73,78,27,4.38,27.8964,102.2634,1659009887
barcelona,ES,89.01,65,20,9.22,41.3888,2.159,1659009782
mount pleasant,US,82.98,87,0,5.75,32.7941,-79.8626,1659009887
umarkhed,IN,86.61,65,88,4.5,19.6,77.7,1659009887
udachnyy,RU,86.04,50,57,6.6,66.4167,112.4,1659009888
shilka,RU,61.2,75,85,1.1,51.85,116.0333,1659009888
port macquarie,AU,48.88,79,40,5.7,-31.4333,152.9167,1659009888
general roca,AR,41.63,58,7,12.03,-39.0333,-67.5833,1659009888
aquiraz,BR,82.49,63,73,12.5,-3.9014,-38.3911,1659009888
la asuncion,VE,79.97,82,9,8.16,11.0333,-63.8628,1659009888
putina,PE,42.8,42,48,3.91,-15.4667,-69.4333,1659009889
phuket,TH,88.09,94,20,3.44,8.0,98.25,1659009810
krasnoselkup,RU,68.11,52,23,13.76,65.7,82.4667,1659009889
la ronge,CA,51.78,75,14,4.32,55.1001,-105.2842,1659009889
yuncheng,CN,82.44,53,0,1.81,35.0231,110.9928,1659009889
kertosono,ID,75.6,82,53,9.55,-7.5833,112.1,1659009889
araouane,ML,102.4,25,82,15.21,18.9048,-3.5265,1659009889
bairiki,KI,80.6,78,20,9.22,1.3292,172.9752,1659009889
rundu,NA,82.92,14,5,8.3,-17.9333,19.7667,1659009890
zahirabad,IN,84.31,65,82,2.33,17.6833,77.6167,1659009890
sumenep,ID,79.23,74,11,11.56,-7.0167,113.8667,1659009890
chulym,RU,79.29,48,64,9.69,55.0997,80.9572,1659009678
beira,MZ,73.26,51,1,9.69,-19.8436,34.8389,1659009890
formosa,AR,71.58,60,0,8.05,-26.1775,-58.1781,1659009890
arman,RU,55.02,92,100,5.7,59.7,150.1667,1659009891
malakal,SS,81.91,68,99,4.72,9.5334,31.6605,1659009891
thinadhoo,MV,83.61,72,77,15.84,0.5333,72.9333,1659009891
severodvinsk,RU,77.11,89,99,4.99,64.5635,39.8302,1659009834
ahipara,NZ,54.84,75,15,10.96,-35.1667,173.1667,1659009891
gornopravdinsk,RU,70.52,48,100,9.62,60.05,69.9,1659009891
apastovo,RU,77.47,54,78,9.46,55.2029,48.5109,1659009652
saucillo,MX,70.65,71,100,7.43,28.0167,-105.2833,1659009892
noumea,NC,62.58,75,11,4.25,-22.2763,166.4572,1659009892
ampanihy,MG,78.66,27,0,12.64,-24.7,44.75,1659009892
cocobeach,GA,78.35,76,77,12.3,1.0002,9.5823,1659009892
phan thiet,VN,81.3,83,44,6.87,10.9333,108.1,1659009892
tupik,RU,61.11,97,83,4.65,54.4253,119.9327,1659009892
ixtapa,MX,79.23,100,75,3.44,20.7,-105.2,1659009893
sorland,NO,53.46,66,71,7.49,67.667,12.6934,1659009893
eyl,SO,89.82,44,98,24.23,7.9803,49.8164,1659009893
havoysund,NO,50.23,77,100,17.78,70.9963,24.6622,1659009893
roald,NO,66.16,67,40,5.75,62.5833,6.1333,1659009893
kulhudhuffushi,MV,81.7,80,91,19.35,6.6221,73.07,1659009894
gazojak,TM,100.56,14,37,10.8,41.1875,61.4036,1659009894
winnemucca,US,64.45,34,0,6.91,40.973,-117.7357,1659009894
ancud,CL,43.18,90,50,1.99,-41.8697,-73.8203,1659009894
tukuyu,TZ,72.63,47,81,8.84,-9.25,33.65,1659009894
khartoum,SD,92.01,46,79,4.0,15.5518,32.5324,1659009719
netrakona,BD,88.45,70,98,2.33,24.8833,90.7167,1659009895
moba,CN,63.37,74,78,2.51,33.2288,105.0179,1659009895
san cristobal,VE,66.38,92,100,3.29,7.7669,-72.225,1659009895
verkhnevilyuysk,RU,74.26,72,17,5.82,63.4453,120.3167,1659009895
neryungri,RU,63.9,98,100,4.36,56.6709,124.6491,1659009848
kindu,CD,87.21,44,100,2.57,-2.95,25.95,1659009662
uthal,PK,86.2,73,97,16.4,25.8072,66.6219,1659009895
cam ranh,VN,85.96,70,20,1.14,11.9214,109.1591,1659009895
gigmoto,PH,81.28,84,100,3.49,13.7796,124.39,1659009896
rameswaram,IN,82.71,76,78,9.6,9.2833,79.3,1659009896
road town,VG,84.24,70,40,10.36,18.4167,-64.6167,1659009858
inhambane,MZ,70.95,53,82,8.84,-23.865,35.3833,1659009896
sulangan,PH,85.6,72,79,6.11,11.1373,123.7228,1659009896
mount isa,AU,60.57,27,0,8.05,-20.7333,139.5,1659009896
akyab,MM,85.46,75,28,11.07,20.15,92.9,1659009773
neuquen,AR,43.9,64,7,20.42,-38.9516,-68.0591,1659009699
wamba,NG,76.37,86,100,6.31,8.9333,8.6,1659009897
talnakh,RU,66.22,49,6,12.55,69.4865,88.3972,1659009897
maku,IR,89.29,25,0,8.03,39.2911,44.4521,1659009897
saint-augustin,CA,54.7,74,87,10.18,51.226,-58.6502,1659009897
magadi,IN,87.96,60,86,4.34,12.9667,77.2333,1659009897
lima,PE,57.9,91,75,2.8,-12.0432,-77.0282,1659009867
luanda,AO,74.1,71,97,9.82,-8.8368,13.2343,1659009645
salvador,SV,70.05,98,100,1.97,13.8333,-88.9167,1659009623
khandyga,RU,68.83,58,59,1.01,62.6667,135.6,1659009898
villa carlos paz,AR,48.4,37,49,1.99,-31.4241,-64.4978,1659009898
dukat,RU,49.73,55,100,2.1,62.55,155.55,1659009898
shu,KZ,98.04,16,34,13.53,43.5983,73.7614,1659009864
itarema,BR,82.54,58,55,14.25,-2.9248,-39.9167,1659009899
ikalamavony,MG,78.93,33,6,2.48,-21.15,46.5833,1659009899
murray bridge,AU,48.34,89,91,4.79,-35.1167,139.2667,1659009899
savannah bight,HN,81.39,78,44,18.52,16.45,-85.85,1659009899
marsabit,KE,77.14,38,67,19.13,2.3284,37.9899,1659009899
batagay-alyta,RU,75.76,55,52,3.85,67.8006,130.4114,1659009900
isiro,CD,72.21,83,100,0.56,2.7739,27.616,1659009900
caravelas,BR,75.27,65,12,1.19,-17.7125,-39.2481,1659009900
jaltenango,MX,66.96,97,88,1.79,15.8719,-92.7247,1659009900
grindavik,IS,48.67,93,100,17.27,63.8424,-22.4338,1659009901
abha,SA,69.4,61,68,8.79,18.2164,42.5053,1659009622
kudahuvadhoo,MV,82.47,75,88,15.01,2.6708,72.8944,1659009901
belyy yar,RU,75.85,45,0,6.71,53.6039,91.3903,1659009902
north myrtle beach,US,83.34,91,71,10.74,33.816,-78.68,1659009692
chipinge,ZW,67.95,29,0,9.78,-20.1883,32.6236,1659009902
pueblo nuevo,MX,53.85,93,98,3.42,23.3833,-105.3833,1659009902
tacuarembo,UY,63.39,97,100,5.28,-31.7333,-55.9833,1659009902
iberia,US,78.87,94,0,3.44,29.9502,-91.7507,1659009902
berlevag,NO,50.0,93,100,19.57,70.8578,29.0864,1659009903
faya,SA,84.72,44,66,11.65,18.3851,42.4509,1659009903
moron,AR,50.92,87,100,11.03,-34.6534,-58.6198,1659009771
palmas bellas,PA,75.25,88,97,5.23,9.2319,-80.0867,1659009904
poli,TZ,68.5,54,83,7.63,-3.3333,36.8,1659009904
nichinan,JP,78.82,90,25,9.06,31.6,131.3667,1659009904
bulawayo,ZW,71.13,18,0,10.78,-20.15,28.5833,1659009904
kinablangan,PH,80.65,86,100,9.55,7.6947,126.5503,1659009904
mitsamiouli,KM,76.64,70,44,8.55,-11.3847,43.2844,1659009904
vostok,RU,68.56,87,91,3.4,46.4856,135.8833,1659009905
manadhoo,MV,81.93,79,87,19.13,5.7667,73.3833,1659009905
belmonte,BR,71.06,75,47,3.83,-15.8631,-38.8828,1659009905
comodoro rivadavia,AR,44.46,49,0,5.75,-45.8667,-67.5,1659009905
prince rupert,CA,53.69,94,0,3.44,54.3161,-130.3201,1659009906
menongue,AO,82.81,9,95,6.91,-14.6585,17.691,1659009906
ambon,ID,80.74,14,75,8.05,-3.6954,128.1814,1659009906
great yarmouth,GB,73.09,60,99,14.56,52.6083,1.7305,1659009906
frontignan,FR,87.94,42,31,10.04,43.4485,3.754,1659009906
ardakan,IR,102.58,23,38,14.16,32.31,54.0175,1659009906
baruun-urt,MN,68.32,42,5,12.93,46.6806,113.2792,1659009819
paamiut,GL,42.13,88,15,18.12,61.994,-49.6678,1659009907
cockburn town,TC,80.56,76,9,19.69,21.4612,-71.1419,1659009907
astoria,US,59.47,96,100,0.0,46.1879,-123.8313,1659009857
bani,DO,79.86,62,16,11.27,18.2833,-70.3333,1659009660
nancha,CN,73.71,95,79,1.43,47.1333,129.2667,1659009907
kalispell,US,65.66,84,0,0.0,48.1958,-114.3129,1659009907
kalemie,CD,81.05,45,37,9.15,-5.9475,29.1947,1659009908
novyy svit,UA,88.93,30,41,5.95,47.8059,38.0211,1659009908
stokmarknes,NO,53.56,66,75,8.05,68.5646,14.9108,1659009908
cairns,AU,67.95,68,100,11.5,-16.9167,145.7667,1659009781
lichtenburg,ZA,69.31,28,59,16.15,-26.152,26.1597,1659009670
mount gambier,AU,39.11,93,75,0.0,-37.8333,140.7667,1659009908
